{"cameraMode":{"drawMode":0,"name":"Shaded","section":"Shading Mode"},"sceneLighting":false,"audioPlay":false,"sceneViewState":{"m_AlwaysRefresh":false,"showFog":false,"showSkybox":false,"showFlares":false,"showImageEffects":false,"showParticleSystems":false,"showVisualEffectGraphs":true,"m_FxEnabled":true},"in2DMode":false,"pivot":{"x":0.3393878936767578,"y":1.2410049438476563,"z":-1.1177136898040772},"rotation":{"x":-0.0007944594835862517,"y":-0.997277557849884,"z":-0.011663596145808697,"w":0.07316633313894272},"size":0.7122381925582886,"orthographic":false}