{"cameraMode":{"drawMode":0,"name":"Shaded","section":"Shading Mode"},"sceneLighting":false,"audioPlay":false,"sceneViewState":{"m_AlwaysRefresh":false,"showFog":false,"showSkybox":false,"showFlares":false,"showImageEffects":false,"showParticleSystems":false,"showVisualEffectGraphs":true,"m_FxEnabled":true},"in2DMode":false,"pivot":{"x":0.13859997689723969,"y":0.843614935874939,"z":0.07988840341567993},"rotation":{"x":0.09758765250444412,"y":0.03792745992541313,"z":-0.0037781621795147659,"w":0.9945741891860962},"size":1.2662769556045533,"orthographic":false}